libxUtils.so,xUtils,xUtils,一个快速开发框架。主要由4个模块组成：DbUtils模块、ViewUtils模块、HttpUtils模块和itmapUtils模块。地址：[https://github.com/wyouflf/xUtils3],https://github.com/wyouflf/xUtils3
libVolley.so,Volley,Volley,google 推荐网络请求库，适用于多个小数量请求；缺点是没有自带上传和下载文件的功能，不支持对bitmap处理。地址：[https://github.com/mcxiaoke/android-volley] ,https://github.com/mcxiaoke/android-volley
libNetroid.so,Netroid,Netroid,Volley的扩展库，供执行网络请求、缓存返回结果、批量图片加载、大文件断点下载的常见Http交互功能。地址：[https://github.com/vince-styling/Netroid],https://github.com/vince-styling/Netroid
libFastJson.so,FastJson,FastJson,"在Android开发中,我们Android客户端如果要和服务器端交互,一般都会采用json数据格式进行交互,FastJson是一个Json处理工具包，包括“序列化”和“反序列化”两部分,Fastjson是一个Java语言编写的高性能功能完善的JSON库。一个JSON库涉及的最基本功能就是序列化和反序列化。Fastjson支持java bean的直接序列化。你可以使用com.alibaba.fastjson.JSON这个类进行序列化和反序列化。fastjson采用独创的算法，将parse的速度提升到极致，超过所有json库。地址：[https://github.com/alibaba/fastjson]",https://github.com/alibaba/fastjson
libGson.so,Gson,Gson,Google 提供的用来在 Java 对象和 JSON 数据之间进行映射的 Java 类库。地址：[https://github.com/google/gson],https://github.com/google/gson
libAndroid-async-http.so,Android-async-http,Android-async-http,android-async-http是专门针对Android在Apache的HttpClient基础上构建的异步http连接。地址：[https://github.com/loopj/android-async-http],https://github.com/loopj/android-async-http
libAfinal.so,Afinal,Afinal,一个开源的android的orm和ioc应用开发框架。主要有四大模块：数据库模块、注解模块、网络模块、图片缓存模块。地址：[https://github.com/yangfuhai/afinal],https://github.com/yangfuhai/afinal
libThinkAndroid.so,ThinkAndroid,ThinkAndroid,"ThinkAndroid是包含Android mvc和简易sqlite orm以及ioc模块，它封装了Android httpclitent中的http模块, 具有快速构建文件缓存功能，无需考虑什么格式的文件，都可以非常轻松的实现缓存，它实现了图片缓存，在android中 加载的图片的时候oom的问题和快速滑动的时候图片加载位置错位等问题都可以轻易的解决掉。他还包括了一个手机开发中 经常应用的实用工具类，如日志管理，配置文件管理，android下载器模块，网络切换检测等等工具。它主要包含的模块有：MVC模块、ioc模块、数据库模块、http模块、缓存模块、图片缓存模块、配置器模块、日志打印模块、下载器模块、网络状态检测模块。地址：[https://github.com/white-cat/ThinkAndroid]",https://github.com/white-cat/ThinkAndroid
libLoonAndroid.so,LoonAndroid,LoonAndroid,它主要包括以下几部分：自动注入框架、图片加载框架、网络请求模块、eventbus、验证框架、json解析、数据库、多线程断点下载、自动更新模块、一系列工具类。地址：[https://github.com/gdpancheng/LoonAndroid],https://github.com/gdpancheng/LoonAndroid
libKJFrameForAndroid.so,KJFrameForAndroid,KJFrameForAndroid,KJFrameForAndroid 又叫KJLibrary，是一个android的orm 和 ioc 框架。同时封装了android中的Bitmap与Http操作的框架，使其更加简单易用；总共分为五大模 块：UILibrary，UtilsLibrary，HttpLibrary，BitmapLibrary，DBLibrary。地址：[https://github.com/kymjs/KJFrameForAndroid],https://github.com/kymjs/KJFrameForAndroid
libAndroidAnnotations.so,AndroidAnnotations,AndroidAnnotations,这是国外的一个框架主要专注于注解的开发，简化Android代码编写，它除了有依赖注入的特性以外，还集成了Ormlite，spring-android中的REST模板。地址：[https://github.com/excilys/androidannotations],https://github.com/excilys/androidannotations
libormlite-android.so,ormlite-android,ormlite-android,主要依赖注解和反射的方式；使用简单，易上手。地址：[https://github.com/j256/ormlite-android],https://github.com/j256/ormlite-android
libGreenDao.so,GreenDao,GreenDao,由greenrobot提供开发，是一个将对象映射到 SQLite 数据库中的轻量且快速的 ORM 解决方案。地址：[https://github.com/greenrobot/greenDAO],https://github.com/greenrobot/greenDAO
libButterKnife.so,ButterKnife,ButterKnife,这个开源库可以让我们从大量的findViewById()和setonclicktListener()解放出来，其对性能的影响微乎其微。地址：[https://github.com/JakeWharton/butterknife],https://github.com/JakeWharton/butterknife
libokHttp.so,okHttp,okHttp,由Square公司出品，目前相对比较成熟的网络请求库，获得过google研发人员的称赞；支持断点续传，文件下载等功能。地址:[https://github.com/square/okhttp],https://github.com/square/okhttp
libRetrofit.so,Retrofit,Retrofit,由Square公司出品，使用起来也是非常简单的，主要也是通过注解的方式简化了接口的定义；可配合okHttp来使用。地址：[https://github.com/square/retrofit],https://github.com/square/retrofit
libDiskLruCache.so,DiskLruCache,DiskLruCache,硬盘缓存的最佳方案，获得官方认证。地址：[https://github.com/JakeWharton/DiskLruCache],https://github.com/JakeWharton/DiskLruCache
libImage-Loader.so,Image-Loader,Image-Loader,配置性较强；支持加载网络，文件系统，项目文件夹assets中以及drawable中的图片。地址：[https://github.com/nostra13/Android-Universal-Image-Loader],https://github.com/nostra13/Android-Universal-Image-Loader
libPicasso.so,Picasso,Picasso,实现简单，一行代码就能完全实现图片的异步加载；解决adapter的错乱等问题。地址：[https://github.com/square/picasso],https://github.com/square/picasso
libFresco.so,Fresco,Fresco,由facebook团队开发；一个强大的图片加载组件。地址：[https://github.com/facebook/fresco],https://github.com/facebook/fresco
libRxJava.so,RxJava,RxJava,是一个响应式编程框架，采用观察者设计模式。地址：[https://github.com/ReactiveX/RxJava],https://github.com/ReactiveX/RxJava
libEventBus.so,EventBus,EventBus,"由greenrobot提供开发；针对Android优化的发布/订阅事件总线,代码量小，可灵活在类之间传递数据。地址：[https://github.com/greenrobot/EventBus]",https://github.com/greenrobot/EventBus
libAChartEngine.so,AChartEngine,AChartEngine,第三方图形库。地址：[http://www.achartengine.org/],http://www.achartengine.org/
libMPAndroidChart.so,MPAndroidChart,MPAndroidChart,多功能图形库。地址：[https://github.com/PhilJay/MPAndroidChart],https://github.com/PhilJay/MPAndroidChart
libEazeGraph.so,EazeGraph,EazeGraph,简单图形库。地址：[https://github.com/blackfizz/EazeGraph],https://github.com/blackfizz/EazeGraph
libweiboSDK.so,weiboSDK,weiboSDK,新浪微博的sdk。分享微博以及微博登陆需要用到。地址：[https://github.com/sinaweibosdk/weibo_android_sdk],https://github.com/sinaweibosdk/weibo_android_sdk
libqiNiu.so,qiNiu,qiNiu,七牛的sdk，上传图片到七牛时需要用到。地址：[http://developer.qiniu.com/],http://developer.qiniu.com/
libuniversalImageLoader.so,universalImageLoader,universalImageLoader,加载图片的库。地址：[https://github.com/nostra13/Android-Universal-Image-Loader],https://github.com/nostra13/Android-Universal-Image-Loader
libemojicon.so,emojicon,emojicon,在安卓手机上显示和输入emoji表情的库。地址：[https://github.com/rockerhieu/emojicon],https://github.com/rockerhieu/emojicon
libandroid-gpuimage.so,android-gpuimage,android-gpuimage,实现图片滤镜效果的库。地址：[https://github.com/CyberAgent/android-gpuimage],https://github.com/CyberAgent/android-gpuimage
libleakcanary.so,leakcanary,leakcanary,用来检测内存泄露的库。地址：[https://github.com/square/leakcanary],https://github.com/square/leakcanary
libActiveAndroid.so,ActiveAndroid,ActiveAndroid,简化数据库操作的库。地址：[https://github.com/pardom/ActiveAndroid],https://github.com/pardom/ActiveAndroid
libjpush.so,jpush,jpush,极光推送的sdk，可用来推送系统消息和通知。地址：[http://docs.jpush.io/],http://docs.jpush.io/
libumeng.so,umeng,umeng,友盟统计的sdk。友盟会在app出现崩溃的时候自动上传崩溃日志到后台，通过友盟的错误分析功能可以看到崩溃发生的地方以及崩溃日志。通过分析这些日志可以了解到哪部分代码有问题。如果代码被混淆过，还可以上传mapping文件到友盟后台，这样看到的崩溃日志就是没有混淆过的。地址：[https://www.umeng.com/],https://www.umeng.com/
libZXing.so,ZXing,ZXing,由Google开发的，实现二维码的生成与解析。地址：[https://github.com/zxing],https://github.com/zxing
libQrCodeScan.so,QrCodeScan,QrCodeScan,扫描二维码的库，结合了ZXing和ZBar的优点，使用ZXing来控制摄像头取得图像，使用ZBar来解析扫描到的数据。地址：[https://github.com/SkillCollege/QrCodeScan],https://github.com/SkillCollege/QrCodeScan
libAMap.so,AMap,AMap,高德定位和高德地图的sdk。地址：[http://lbs.amap.com/],http://lbs.amap.com/
libretrolambda.so,retrolambda,retrolambda,使android代码支持lambda表达式。地址：[https://github.com/evant/gradle-retrolambda],https://github.com/evant/gradle-retrolambda
libMaterialDialog.so,MaterialDialog,MaterialDialog,显示Material Design的对话框。地址：[https://github.com/drakeet/MaterialDialog],https://github.com/drakeet/MaterialDialog
libFresco.so,Fresco,Fresco,facebook出的加载图片的库。地址：[https://github.com/facebook/fresco],https://github.com/facebook/fresco
libTestin.so,Testin,Testin崩溃大师,错误日志上传。地址：[http://crash.testin.cn/help/doc],http://crash.testin.cn/help/doc
libShareSDK.so,ShareSDK,ShareSDK,第三方分享。地址：[http://wiki.mob.com/android_快速集成指南/],http://wiki.mob.com/android_快速集成指南/
libActionBarSherlock.so,ActionBarSherlock,ActionBarSherlock,Action Bar是Android 3.0后才开始支持的，ActionBarSherlock是让Action Bar功能支持2.X后的所有平台，而且他会自动的判断是调用原生Action Bar还是使用扩展ActionBar。地址：[https://github.com/JakeWharton/ActionBarSherlock],https://github.com/JakeWharton/ActionBarSherlock
libAndroid-ViewPagerIndicato.so,Android-ViewPagerIndicato,Android-ViewPagerIndicato,与ViewPager兼容的一个分页指示器库。地址：[https://github.com/JakeWharton/Android-ViewPagerIndicator],https://github.com/JakeWharton/Android-ViewPagerIndicator
libNineOldAndroids.so,NineOldAndroids,NineOldAndroids,NineOldAndroids 将 Honeycomb (Android 3.0) 的动画 API 扩展到了Android 1.0以上。,
libHoloEverywhere.so,HoloEverywhere,HoloEverywhere,在Android 4.0时，Google引入了新的主题风格―Holo，多数厂商都想统一界面设计UI，因此该库是更加具有兼容性的Holo主题库。地址：[https://github.com/Prototik/HoloEverywhere],https://github.com/Prototik/HoloEverywhere
libAndroid-Datepicker.so,Android-Datepicker,Android-Datepicker,兼容Android 4.0的datepicker至Android 2.2。地址：[https://github.com/SimonVT/android-datepicker],https://github.com/SimonVT/android-datepicker
libSlidingMenu.so,SlidingMenu,SlidingMenu,SlidingMenu 能非常容易的让开发者实现程序的抽屉效果。地址：[https://github.com/jfeinstein10/SlidingMenu],https://github.com/jfeinstein10/SlidingMenu
libAppMsg.so,AppMsg,AppMsg,"优雅的弹出类似Toast的消息提示，支持3种状态Alert,Confirm以及Info。地址：[https://github.com/johnkil/Android-AppMsg]",https://github.com/johnkil/Android-AppMsg
libDrag-Sort-ListView.so,Drag-Sort-ListView,Drag-Sort-ListView,通过拖拽对已有的数据进行排序操作。地址: [https://github.com/bauerca/drag-sort-listview],https://github.com/bauerca/drag-sort-listview
libAndroid-Flip.so,Android-Flip,Android-Flip,轻松实现类似FlipBoard的翻页功能。地址：[https://github.com/openaphid/android-flip],https://github.com/openaphid/android-flip
libAndroid-PullToRefresh.so,Android-PullToRefresh,Android-PullToRefresh,Android下拉刷新组件。地址：[https://github.com/johannilsson/android-pulltorefresh],https://github.com/johannilsson/android-pulltorefresh
libActionBar-PullToRefresh.so,ActionBar-PullToRefresh,ActionBar-PullToRefresh,基于ActionBar的下拉刷新组件，在下拉的时候会替换掉ActionBar，显示更新中…,
libpicasso.so,picasso,picasso,程序中经常面临加载网络图片的情况，成熟做法：异步下载->缓存->显示，Picasso一行代码就可这三步轻松完成。地址：[http://square.github.io/picasso/],http://square.github.io/picasso/
libcardslib.so,cardslib,cardslib,在 App内使用卡片式布局。地址：[https://github.com/gabrielemariotti/cardslib],https://github.com/gabrielemariotti/cardslib
libAndroid-DragArea.so,Android-DragArea,Android-DragArea,Android拖拽排序，拖拽移动库。地址：[https://github.com/doffm/android-dragarea],https://github.com/doffm/android-dragarea
libAndroid-StaggeredGrid.so,Android-StaggeredGrid,Android-StaggeredGrid,Android拖拽排序，拖拽移动库。地址：[https://github.com/etsy/AndroidStaggeredGrid],https://github.com/etsy/AndroidStaggeredGrid
libFlipImageView.so,FlipImageView,FlipImageView,通过扩展ImageView，实现了ImageView的各种翻转效果。,
libSmoothProgressBar.so,SmoothProgressBar,SmoothProgressBar,平滑的ProgressBar，各种效果。,
libSuperToasts.so,SuperToasts,SuperToasts,支持Toast中显示Progressbar，显示图片，显示文等等效果。,
libAndroidFloatLabel.so,AndroidFloatLabel,AndroidFloatLabel,Android Textview 浮动提示。地址：[https://github.com/IanGClifton/AndroidFloatLabel],https://github.com/IanGClifton/AndroidFloatLabel
libcropper.so,cropper,cropper,Android截图和旋转库，轻松实现头像和一些场景下的图片操作。地址：[https://github.com/edmodo/cropper],https://github.com/edmodo/cropper
libStickyGridHeaders.so,StickyGridHeaders,StickyGridHeaders,给GridView加上Header。地址：[https://github.com/TonicArtos/StickyGridHeaders],https://github.com/TonicArtos/StickyGridHeaders
libBackground-ViewPage.so,Background-ViewPage,Background-ViewPage,支持背景图同时滑动的ViewPager。地址：[https://github.com/MoshDev/BackgroundViewPager],https://github.com/MoshDev/BackgroundViewPager
libGoogleStyle-Datatime-Picker.so,GoogleStyle-Datatime-Picker,GoogleStyle-Datatime-Picker,做的很精致的Google风格的时间选择器。地址：[https://github.com/Mirkoddd/GoogleDateTimePickers],https://github.com/Mirkoddd/GoogleDateTimePickers
libQuickSideBar.so,QuickSideBar,QuickSideBar,帮助快速查阅对应分组的侧边栏，可以配合任意列表。地址：[https://github.com/saiwu-bigkoo/Android-QuickSideBar],https://github.com/saiwu-bigkoo/Android-QuickSideBar
libAndroid-SlidingLayout.so,Android-SlidingLayout,Android-SlidingLayout,实现类似QQ、微信ListView和WebView的上拉下拉弹跳效果和iOS的ListView的果冻效果。地址：[https://github.com/HomHomLin/SlidingLayout/],https://github.com/HomHomLin/SlidingLayout/
libIndexableListView.so,IndexableListView,IndexableListView,ListView右侧会显示item首字母快捷索引，点击可快速滑动到某个item。地址：[https://github.com/woozzu/IndexableListView],https://github.com/woozzu/IndexableListView
libSwipeMenuListView.so,SwipeMenuListView,SwipeMenuListView,针对 ListView item 的侧滑菜单。地址：[https://github.com/baoyongzhang/SwipeMenuListView],https://github.com/baoyongzhang/SwipeMenuListView
libPullZoomView.so,PullZoomView,PullZoomView,支持下拉时 HeaderView 缩放的 ListView、ScrollView。地址：[https://github.com/Frank-Zhu/PullZoomView],https://github.com/Frank-Zhu/PullZoomView
libPullToZoomInListView.so,PullToZoomInListView,PullToZoomInListView,滑动 ListView 时使其 HeaderView 跟随滑动缩放。地址：[https://github.com/matrixxun/PullToZoomInListView],https://github.com/matrixxun/PullToZoomInListView
libCustomSwipeListView.so,CustomSwipeListView,CustomSwipeListView,支持左滑弹出自定义菜单，右滑删除且允许撤销，同时可以自定义滑动动画时间和滑动触发事件的时机等。地址：[https://github.com/xyczero/Android-CustomSwipeListView],https://github.com/xyczero/Android-CustomSwipeListView
libFlyRefresh.so,FlyRefresh,FlyRefresh,"支持 ListView, GridView, RecyclerView, ScrollView 的下拉刷新。地址：[https://github.com/race604/FlyRefresh]",https://github.com/race604/FlyRefresh
libDragLayout.so,DragLayout,DragLayout,使用 support.v4 包下的 ViewDragHelper 实现 QQ5.0 侧滑。地址：[https://github.com/BlueMor/DragLayout],https://github.com/BlueMor/DragLayout
libLDrawer.so,LDrawer,LDrawer,Material Design 形式的展开折叠 Icon。地址：[https://github.com/ikimuhendis/LDrawer],https://github.com/ikimuhendis/LDrawer
libDroppy.so,Droppy,Droppy,支持多种样式的下拉菜单。地址：[https://github.com/shehabic/Droppy],https://github.com/shehabic/Droppy
libAdvancedPagerSlidingTabStrip.so,AdvancedPagerSlidingTabStrip,AdvancedPagerSlidingTabStrip,一个完美兼容ViewPager的导航栏组件；可以自定义TabView；能动态加载Tab上的Icon图片； 能显示Tab的消息数量和提示小圆点；支持自定义为微博形式的可滑动tab。地址：[https://github.com/HomHomLin/AdvancedPagerSlidingTabStrip],https://github.com/HomHomLin/AdvancedPagerSlidingTabStrip
libConvenientBanner.so,ConvenientBanner,ConvenientBanner,通用的广告栏控件，让你轻松实现广告头效果。地址：[https://github.com/saiwu-bigkoo/Android-ConvenientBanner],https://github.com/saiwu-bigkoo/Android-ConvenientBanner
libAndroidImageSlider.so,AndroidImageSlider,AndroidImageSlider,Android 图片滑动。地址：[https://github.com/daimajia/AndroidImageSlider],https://github.com/daimajia/AndroidImageSlider
libNumberProgressBar.so,NumberProgressBar,NumberProgressBar,带圆形进度显示的进度条。地址：[https://github.com/Sefford/CircularProgressDrawable],https://github.com/Sefford/CircularProgressDrawable
libSectorProgressView.so,SectorProgressView,SectorProgressView,一个圆形或环形的进度显示控件，用圆中扇形的角度大小来表示进度信息。地址：[https://github.com/timqi/SectorProgressView],https://github.com/timqi/SectorProgressView
libToggleButton.so,ToggleButton,ToggleButton,状态切换的 Button。地址：[https://github.com/zcweng/ToggleButton],https://github.com/zcweng/ToggleButton
libMoneyTextView.so,MoneyTextView,MoneyTextView,一个支持加法运算的金额输入TextView。地址：[https://github.com/andyken/MoneyTextView],https://github.com/andyken/MoneyTextView
libPickerView.so,PickerView,PickerView,仿 iOS 的 PickerView 控件，有时间选择和选项选择并支持一二三级联动效果，TimePopupWindow 时间选择器，支持年月日时分，年月日，时分等格式；OptionsPopupWindow 选项选择器，支持一，二，三级选项选择，并且可以设置是否联动。地址：[https://github.com/saiwu-bigkoo/Android-PickerView],https://github.com/saiwu-bigkoo/Android-PickerView
libCountdownView.so,CountdownView,CountdownView,Android 倒计时控件，使用Canvas绘制，支持多种样式。地址：[https://github.com/iwgang/CountdownView],https://github.com/iwgang/CountdownView
libEmoticons-Keyboard.so,Emoticons-Keyboard,Emoticons-Keyboard,带表情情符号的自定义键盘。地址：[https://github.com/chiragjain/Emoticons-Keyboard],https://github.com/chiragjain/Emoticons-Keyboard
libSchematic.so,Schematic,Schematic,根据 SQLite 生成 ContentProvider。地址：[https://github.com/SimonVT/schematic],https://github.com/SimonVT/schematic
libcocos2d-x.so,cocos2d-x,cocos2d-x,跨平台的 2d 游戏框架，支持 Android、IOS、Linux、Windows 等众多平台。地址：[https://github.com/cocos2d/cocos2d-x],https://github.com/cocos2d/cocos2d-x
libreact-native.so,react-native,react-native,"这个是 Facebook 在 React.js Conf 2015 大会上推出的基于 JavaScript 的开源框架 React Native, 该框架结合了 Web 应用和 Native 应用的优势, 可以使用 JavaScript 来开发 iOS 和 Android 原生应用。地址:[https://github.com/facebook/react-native]",https://github.com/facebook/react-native
libandroid-best-practices.so,android-best-practices,android-best-practices,"Android 开发最佳实践, 里面所介绍的经验都是来自于 Futurice 公司 Android 开发者, 介绍内容有 Android 开发规范, 架构, 布局技巧, 以及使用一些有助于快速开发相关工具等等, 非常适合新手去学习。地址:[https://github.com/futurice/android-best-practices]",https://github.com/futurice/android-best-practices
libglide.so,glide,glide,"Glide 是 Google 员工的开源项目, 广泛应用于 Google 一些 App 上, 在2014年 Google I/O 大会上被推荐使用, Glide 和 Picasso 被人拿来比较研究过, Glide 与 Picasso 有 90% 的相似度, 但在一些细节上还是有点区别的, 各有各优缺点看君选择。地址:[https://github.com/bumptech/glide]",https://github.com/bumptech/glide
libHomeMirror.so,HomeMirror,HomeMirror,"开发者是由一名程序媛 Hannah Mittelstaedt , HomeMirror 是一款 Android 镜子应用, 目前它能实现日期, 时间, 天气, 生日信息, 事件提醒器, 骑车天气的推荐, 股票信息, XKCD 漫画网站的新帖等等。地址:[https://github.com/HannahMitt/HomeMirror]",https://github.com/HannahMitt/HomeMirror
libMaterialDesignLibrary.so,MaterialDesignLibrary,MaterialDesignLibrary,"这个库控件都是遵循了 Google Material Design 设计规范开发出来, 例如有: Flat Button, Rectangle Button, CheckBox, Switch, Progress bar circular indeterminate 等等。地址:[https://github.com/navasmdc/MaterialDesignLibrary]",https://github.com/navasmdc/MaterialDesignLibrary
libPhotoView.so,PhotoView,PhotoView,"PhotoView 是 ImageView 的子类, 支持所有 ImageView 的源生行为, 例如: 支持 Pinch 手势自由缩放, 支持双击放大/还原, 支持平滑滚动等等, 并且非常方便的与 ImageLoader/Picasso 之类的网络图片读取库集成使用, 还方便的与 ViewPager 等同样支持滑动手势的控件集成。地址:[https://github.com/chrisbanes/PhotoView]",https://github.com/chrisbanes/PhotoView
libRxAndroid.so,RxAndroid,RxAndroid,"由 JakeWharton 大神主导开发的项目, RxAndroid 是 RxJava 的一个针对 Android 平台的扩展, 主要用于 Android 开发。地址:[https://github.com/ReactiveX/RxAndroid]",https://github.com/ReactiveX/RxAndroid
libmaterial-dialogs.so,material-dialogs,material-dialogs,"Material Dialogs 是一个可高度定制易用, 符合 Material Design 风格的 Dialogs, 兼容 Android API8 以上版本, 个人使用感觉它完全可替代 Android 原生那个, 比原生那个更加简单易用。地址:[https://github.com/afollestad/material-dialogs]",https://github.com/afollestad/material-dialogs
libAndroid-ObservableScrollView.so,Android-ObservableScrollView,Android-ObservableScrollView,"ObservableScrollView 是一款用于在滚动视图中观测滚动事件的 Android 库, 它能够轻而易举地与 Android 5.0 Lollipop 引进的工具栏 (Toolbar) 进行交互, 还可以帮助开发者实现拥有 Material Design 应用视觉体验的界面外观, 支持ListView, ScrollView, WebView, RecyclerView, GridView组件。地址:[https://github.com/ksoichiro/Android-ObservableScrollView]",https://github.com/ksoichiro/Android-ObservableScrollView
libAndroid-Bootstrap.so,Android-Bootstrap,Android-Bootstrap,"Android 版的 Bootstrap, 利用这个库能够实现很多 Bootstrap 样式风格, 之前有学过 Html 的人就知道 Bootstrap 是什么玩意啦。地址:[https://github.com/Bearded-Hen/Android-Bootstrap]",https://github.com/Bearded-Hen/Android-Bootstrap
libAndroidSwipeLayout.so,AndroidSwipeLayout,AndroidSwipeLayout,"开发者是代码家, AndroidSwipeLayout 是一个支持ListView, GridView, ViewGroup等等左右上下滑动出操作菜单, 类似 qq 消息列表向左滑动显示出多某条信息的操作菜单。地址:[https://github.com/daimajia/AndroidSwipeLayout]",https://github.com/daimajia/AndroidSwipeLayout
libdagger.so,dagger,dagger,"Dagger 是 Square 公司出品的一个针对 Android 和 Java 的快速依赖注入器, 能够有效减少你敲代码量。地址:[https://github.com/square/dagger]",https://github.com/square/dagger
libListViewAnimations.so,ListViewAnimations,ListViewAnimations,"一个轻轻松松给 Android ListView 添加动画效果的库, 支持的动画有: Alpha, SwingRightIn, SwingLeftIn, SwingBottomIn, SwingRightIn and ScaleIn等等, 使用它能很容易就实现帅爆的效果。地址:[https://github.com/nhaarman/ListViewAnimations]",https://github.com/nhaarman/ListViewAnimations
libAndroidViewAnimations.so,AndroidViewAnimations,AndroidViewAnimations,"开发者是代码家, 这个库实现很多很酷炫的 Android 动画, 动画效果是借鉴 Animate.css 来实现的, 非常酷, 而且这个使用起来也是非常简单。地址:[https://github.com/daimajia/AndroidViewAnimations]",https://github.com/daimajia/AndroidViewAnimations
libAndroidSlidingUpPanel.so,AndroidSlidingUpPanel,AndroidSlidingUpPanel,"AndroidSlidingUpPanel 是一个上拉面板, 就是向上滑动的时候往上飞出一个显示面板控件, 该库效果在 Google Music, Google Maps and Rdio等 App 应用到。地址:[https://github.com/umano/AndroidSlidingUpPanel]",https://github.com/umano/AndroidSlidingUpPanel
libMaterialDrawer.so,MaterialDrawer,MaterialDrawer,"MaterialDrawer 是一个类似 Google 官方 NavigationView 侧滑显示控件, 个人认为 NavigationView 并没有 MaterialDrawer 实用, 因为 NavigationView 自由度不是很好, 很多都写死了不可以自由定义布局, 而 MaterialDrawer 能够实现跟 NavigationView 一样的效果, 同时还支持自定义效果, 自由度非常高。地址:[https://github.com/mikepenz/MaterialDrawer]",https://github.com/mikepenz/MaterialDrawer
libMaterial-Animations.so,Material-Animations,Material-Animations,"Material-Animations 是一个很好过渡动画库, 可以应用于 Activity 与 Activity 之间的跳转, Fragment 与 Fragment 之间的跳转, 以及各个 View 变化前后的过渡动画。地址:[https://github.com/lgvalle/Material-Animations]",https://github.com/lgvalle/Material-Animations
libMaterialViewPager.so,MaterialViewPager,MaterialViewPager,一个简单易用 Material Design 风格的 ViewPager 库。地址:[https://github.com/florent37/MaterialViewPager],https://github.com/florent37/MaterialViewPager
libstetho.so,stetho,stetho,"Stetho是 Facebook 出品的一个强大的 Android 调试工具,使用该工具你可以在 Chrome Developer Tools查看App的布局, 网络请求(仅限使用Volley, okhttp的网络请求库), sqlite, preference, 一切都是可视化的操作,无须自己在去使用adb, 也不需要root你的设备。地址:[https://github.com/facebook/stetho]",https://github.com/facebook/stetho
libAndroid-Ultra-Pull-To-Refresh.so,Android-Ultra-Pull-To-Refresh,Android-Ultra-Pull-To-Refresh,"开发者是廖祜秋, 这个是一个非常强大的下拉刷新库, 继承 ViewGroup 可以包含任何 View, 功能甚至比 SwipeRefreshLayout 强大, 使用起来也非常容易, 还可以自由定制自己的 UI 样式。地址:[https://github.com/liaohuqiu/android-Ultra-Pull-To-Refresh]",https://github.com/liaohuqiu/android-Ultra-Pull-To-Refresh
libotto.so,otto,otto,"Otto 是 Square 公司出的一个事件库 (pub/sub 模式), 用来简化应用程序组件之间的通讯, otto 修改自 Google 的 Guava 库, 专门为 Android 平台进行了优化, 与上面介绍的 EventBus 相比, 两个库各有各的优点, 完全取决于我们自己项目的需求来选择它们哪一个。地址:[https://github.com/square/otto]",https://github.com/square/otto
librealm.so,realm,realm,"Realm 一个轻量的 Android 版本的数据存储库, 比 Android 原生系统的 SQLite 更加简洁快速对数据进行操作。地址:[https://github.com/realm/realm-java]",https://github.com/realm/realm-java
libAndroid-CleanArchitecture.so,Android-CleanArchitecture,Android-CleanArchitecture,"CleanArchitecture 是一个非常典型使用 MVP 架构的项目, 大家如果还没有理解 MVP 架构的可以看看这个项目。地址:[https://github.com/android10/Android-CleanArchitecture]",https://github.com/android10/Android-CleanArchitecture
libStickyListHeaders.so,StickyListHeaders,StickyListHeaders,"StickyListHeaders 是一个实现能够固定在屏幕顶部的ListView Section Header库, 就是当前 section 的 header 固定在屏幕顶部, 当滑动到其他 section 时, 其他 section 的 header 会代替之前的 section 的 header, 固定到屏幕顶部, 类似于 Android4.0 的手机通讯录的效果。地址:[https://github.com/emilsjolander/StickyListHeaders]",https://github.com/emilsjolander/StickyListHeaders
libAppIntro.so,AppIntro,AppIntro,AppIntro 是一个让人轻松快速搭建漂亮酷炫的引导页库。地址:[https://github.com/AppIntro/AppIntro],https://github.com/AppIntro/AppIntro
libShowcaseView.so,ShowcaseView,ShowcaseView,"ShowcaseView 是一个非常适合用于对用户进行第一次使用进行指导的库,使用起来非常简单还可以自定义样式。地址:[https://github.com/amlcurran/ShowcaseView]",https://github.com/amlcurran/ShowcaseView
libCalligraphy.so,Calligraphy,Calligraphy,"Calligraphy 是一个用来简化 Android 应用使用自定义字体的类库, 该类库会自动查找应用中的 TextView 并设置其使用的字体。地址:[https://github.com/chrisjenx/Calligraphy]",https://github.com/chrisjenx/Calligraphy
libFloatingActionButton.so,FloatingActionButton,FloatingActionButton,"FloatingActionButton是一个悬浮操作按钮, 官方在 Support Design 包下也有封装一个类似这个库效果的 FloatingActionButton, 值得说明的是这个库是早在官方封装之前就存在的, 个人感觉这个库比官方那个更加好用。地址:[https://github.com/zendesk/android-floating-action-button]",https://github.com/zendesk/android-floating-action-button
libCircleImageView.so,CircleImageView,CircleImageView,"CircleImageView 是一个轻松帮你实现圆形效果 ImageView 图片库, CircleImageView 是基于 ImageView 扩展出来, 因此它拥有 ImageView 控件所有属性, 简单易用值得你使用的库。地址:[https://github.com/hdodenhof/CircleImageView]",https://github.com/hdodenhof/CircleImageView
libmaterial.so,material,material,"Material 是将 Material Design 风格控件封装在该库当中, 目前封装有Progress, Button, Switch, Slider, Spinner, Text Field, TabPageIndicator, SnackBar, Dialog, BottomSheetDialog, Dynamic theme。地址:[https://github.com/rey5137/material]",https://github.com/rey5137/material
libAndroidAsync.so,AndroidAsync,AndroidAsync,"AndroidAsync 是一款基于 NIO 的低端 Android 异步 socket, http (client+server), websocket 和 socket.io 网络通信协议类库。地址:[https://github.com/koush/AndroidAsync]",https://github.com/koush/AndroidAsync
librebound.so,rebound,rebound,"Rebound 是 Facebook 推出的一个弹性动画库, 可以让动画看起来真实自然, 像真实世界的物理运动, 带有力的效果, 使用的参数则是 Facebook 的 origami 中使用的。地址:[https://github.com/facebookarchive/rebound]",https://github.com/facebookarchive/rebound
libandroid-common.so,android-common,android-common,"android-common-lib 是 Trinea 大神收集的一些开发通用的缓存, 公共 View 以及一些常用工具类。地址:[https://github.com/Trinea/android-common]",https://github.com/Trinea/android-common
libRippleEffect.so,RippleEffect,RippleEffect,"RippleEffect 是一个实现在 Android 任何组件点击出现 Material Design 的波纹效果, 向下兼容到 Android API9。地址:[https://github.com/traex/RippleEffect]",https://github.com/traex/RippleEffect
librecyclerview-animators.so,recyclerview-animators,recyclerview-animators,"RecyclerView Animators 是一个对 Recycler 控件的 Item 添加以及删除增加动画效果, 动画效果有Scale, Fade, Flip, Slide 里面各种各样效果。地址:[https://github.com/wasabeef/recyclerview-animators]",https://github.com/wasabeef/recyclerview-animators
libcircular-progress-button.so,circular-progress-button,circular-progress-button,"一个带进度显示的 Button, 效果和动画做的都非常赞。地址:[https://github.com/dmytrodanylyk/circular-progress-button]",https://github.com/dmytrodanylyk/circular-progress-button
libDroidPlugin.so,DroidPlugin,DroidPlugin,"DroidPlugin 是 360 手机助手在 Android 系统上实现了一种新的插件机制: 它可以在无需安装, 修改的情况下运行APK文件, 此机制对改进大型APP的架构, 实现多团队协作开发具有一定的好处。地址:[https://github.com/Qihoo360/DroidPlugin]",https://github.com/Qihoo360/DroidPlugin
libdynamic-load-apk.so,dynamic-load-apk,dynamic-load-apk,"开发者是 singwhatiwanna(任玉刚), 是《Android 开发艺术探索》书籍的作者, 这个是作者联合另两位开发者啸(时之沙)和宋思宇花了几个月时间研究出来的 Apk 动态加载框架。地址:[https://github.com/singwhatiwanna/dynamic-load-apk]",https://github.com/singwhatiwanna/dynamic-load-apk
libExoPlayer.so,ExoPlayer,ExoPlayer,"ExoPlayer 是Google 开发团队开源出来的一个媒体播放库, 比 Android 框架原生的 MediaPlayer 拥有更多优点支持动态的自适应流 HTTP(DASH) 和 平滑流, 支持高级的HLS特性, 支持自定义和扩治你的使用场景等等。地址:[https://github.com/google/ExoPlayer]",https://github.com/google/ExoPlayer
libCrouton.so,Crouton,Crouton,"Crouton 是一个显示提示信息的显示工具类, 可以用来代替 Toast, 默认显示在窗口的顶部, 可以按队列一个接着一个显示, 不过该库已经被弃用, 不推荐使用。地址:[https://github.com/keyboardsurfer/Crouton]",https://github.com/keyboardsurfer/Crouton
librobospice.so,robospice,robospice,RoboSpice 是一个使你建立异步的长时间的运行任务异常轻松的一个网络库，在网络请求，缓存支持，和提供开箱即用的 rest 请求方面尤为强大。地址:[https://github.com/stephanenicolas/robospice],https://github.com/stephanenicolas/robospice
libhugo.so,hugo,hugo,"Hugo 是 JakeWharton 大神推出的一个用于打印 Log, hugo 是基于注解被调用的, 引入相关依赖后, 在方法上加上 @DebugLog 即可输出 Log, 使用非常简单。地址:[https://github.com/JakeWharton/hugo]",https://github.com/JakeWharton/hugo
libasync-http-client.so,async-http-client,async-http-client,"AsyncHttpClient 是又一款 Android 异步请求库, 该库支持 WebSocket 协议, 使用起来也比较简单易用。地址:[https://github.com/AsyncHttpClient/async-http-client]",https://github.com/AsyncHttpClient/async-http-client
libUltimateRecyclerView.so,UltimateRecyclerView,UltimateRecyclerView,"UltimateRecyclerView 是一个功能强大的 RecyclerView(advanced and flexible version of ListView), 包括了下拉刷新, 加载更多, 多种动画, 空数据提示, 拖动排序, 视差处理, 工具栏渐变, 滑动删除, 自定义floating button, 多种刷新效果, scrollbar, sticky header, 多 layout 支持等等元素, 而且使用起来跟 RecyclerView 一样的方便。地址:[https://github.com/cymcsg/UltimateRecyclerView]",https://github.com/cymcsg/UltimateRecyclerView
libMaterialEditText.so,MaterialEditText,MaterialEditText,"MaterialEditText 是就职于 Flipboard 的员工?扔物线?开发的, 在 AppCompat v21 中也提供了 Material Design 的控件 EditText, 可是由于比较难用, 没有提供设置颜色的 Api, 于是就产生这个第三方库。地址:[https://github.com/rengwuxian/MaterialEditText]",https://github.com/rengwuxian/MaterialEditText
libSide-Menu.Android.so,Side-Menu.Android,Side-Menu.Android,"Side Menu 是?Yalantis?组织开源出来, 该组织因开源出一些动画很棒的开源库为大家所熟知该库是其中一个, 该库是提供翻页动画效果的侧边菜单, 动画体验超赞的。地址:[https://github.com/Yalantis/Side-Menu.Android]",https://github.com/Yalantis/Side-Menu.Android
libandroid-times-square.so,android-times-square,android-times-square,"TimesSquare 是 Square 公司出品的一款显示日历选择日期的控件, 可以让用户选择多个日期。地址:[https://github.com/square/android-times-square]",https://github.com/square/android-times-square
libGreenDroid.so,GreenDroid,GreenDroid,"GreenDroid 是一个封装好的 Android UI 界面库, 不过该库已经被弃用了, 不建议使用。地址:[https://github.com/cyrilmottier/GreenDroid]",https://github.com/cyrilmottier/GreenDroid
liblogger.so,logger,logger,"Logger 是一个简单, 漂亮, 强大 Android 打印日志库。地址:[https://github.com/orhanobut/logger]",https://github.com/orhanobut/logger
libacra.so,acra,acra,"Acra 是一个能够让 Android 应用自动将崩溃报告以谷歌文档电子表的形式进行发送的库, 旨在当应用发生崩溃或出现错误行为时, 开发者可以获取到相关数据。地址:[https://github.com/ACRA/acra]",https://github.com/ACRA/acra
libFadingActionBar.so,FadingActionBar,FadingActionBar,"FadingActionBar 是一个支持 ListView, ScrollView, WebView 向下滚动时逐渐显示 ActionBar 库。地址:[https://github.com/ManuelPeinado/FadingActionBar]",https://github.com/ManuelPeinado/FadingActionBar
libSystemBarTint.so,SystemBarTint,SystemBarTint,"SystemBarTint 是一个实现沉浸式状态栏库, 适用于 Android 系统 4.4 其以上的版本。地址:[https://github.com/jgilfelt/SystemBarTint]",https://github.com/jgilfelt/SystemBarTint
libandroid-menudrawer.so,android-menudrawer,android-menudrawer,"MenuDrawer 是一款滑出式菜单库, 通过拖动屏幕边缘滑出菜单, 支持屏幕上下左右划出, 支持当前 View 处于上下层, 支持 Windows 边缘, ListView 边缘, ViewPager 变化划出菜单等。地址:[https://github.com/SimonVT/android-menudrawer]",https://github.com/SimonVT/android-menudrawer
libRoundedImageView.so,RoundedImageView,RoundedImageView,"RoundedImageView 一个快速支持图片圆角显示效果的库, 该库特点是能快速加载, 为了提高加载速度, 该库不用创建原始位图的副本, 不使用 clipPath, 不使用 setXfermode 裁剪的位图等方式来实现 ImageView 圆角, 使用也非常简单。地址:[https://github.com/vinc3m1/RoundedImageView]",https://github.com/vinc3m1/RoundedImageView
libBolts.so,Bolts,Bolts,"Bolts 是一款底层类库集合, 在后台实现异步操作, 并提供接口反馈当前异步执行的程度 (可以通过接口实现UI进度更新), 最后反馈执行的结果给UI主线程, 与AsyncTask比较: (1)使用的是无大小限制的线程池; (2)任务可组合可级联,防止了代码耦合。地址:[https://github.com/BoltsFramework/Bolts-Android]",https://github.com/BoltsFramework/Bolts-Android
libSwipeBackLayout.so,SwipeBackLayout,SwipeBackLayout,"SwipeBackLayout 是一个支持屏幕上下左右滑动返回上层 Activity, 关闭当前 Activity, 类似简书 App。地址:[https://github.com/ikew0ng/SwipeBackLayout]",https://github.com/ikew0ng/SwipeBackLayout
libandroid-gif-drawable.so,android-gif-drawable,android-gif-drawable,"一个支持 gif 显示的 view, 用 jni 实现的, 编译生成 so 库后直接 xml 定义 view 即可, 简单易用。地址:[https://github.com/koral--/android-gif-drawable]",https://github.com/koral--/android-gif-drawable
libVitamioBundle.so,VitamioBundle,VitamioBundle,"Vitamio 是一款 Android 与 iOS 平台上的全能多媒体开发框架, 特点：(1) 全面支持硬件解码与 GPU 渲染, (2) 能够流畅播放 720P 甚至 1080P 高清 MKV, FLV, MP4, MOV, TS, RMVB 等常见格式的视频, (3) 在 Android 与 iOS 上跨平台支持 MMS, RTSP, RTMP, HLS(m3u8)等常见的多种视频流媒体协议, 包括点播与直播。地址:[https://github.com/yixia/VitamioBundle]",https://github.com/yixia/VitamioBundle
libSmartTabLayout.so,SmartTabLayout,SmartTabLayout,"SmartTabLayout 是一个自定义的 Tab title strip, 基于 Google Samples 中的 android-SlidingTabBasic 项目, 滑动时 Indicator 可平滑过渡。地址:[https://github.com/ogaclejapan/SmartTabLayout]",https://github.com/ogaclejapan/SmartTabLayout
libuCrop.so,uCrop,uCrop,"uCrop 是Yalantis?组织开源的图片裁剪库, 支持缩放, 旋转图片, 支持各种比例的裁剪框, 非常强大的一个图片裁剪库。地址:[https://github.com/Yalantis/uCrop]",https://github.com/Yalantis/uCrop
libandroid-crop.so,android-crop,android-crop,"又一个图片裁剪库, 向下兼容到 Api 10, 个人感觉这个库并没有比上面介绍的 uCrop 强大。地址:[https://github.com/jdamcd/android-crop]",https://github.com/jdamcd/android-crop
libAVLoadingIndicatorView.so,AVLoadingIndicatorView,AVLoadingIndicatorView,"AVLoadingIndicatorView 库含有各种各样漂亮的加载动画效果, 使用起来也非常简单, 和平时使用 ProgressBar 一样。地址:[https://github.com/81813780/AVLoadingIndicatorView]",https://github.com/81813780/AVLoadingIndicatorView
libsweet-alert-dialog.so,sweet-alert-dialog,sweet-alert-dialog,"Android 版的 SweetAlert, 清新文艺, 快意灵动的甜心弹框, 灵感来源于 JS 版?SweetAlert。地址:[https://github.com/pedant/sweet-alert-dialog]",https://github.com/pedant/sweet-alert-dialog
libffmpeg.so,FFmpeg,FFmpeg,FFmpeg是一套可以用来记录、转换数字音频、视频，并能将其转化为流的开源计算机程序。它包括了目前领先的音/视频编码库libavcodec。,
